split,arm,seed,label,family,support,precision,recall,f1
subtype-challenge,balanced-real,11,0,Normal,13446,0.9204282407407407,0.9463037334523279,0.9331866519985332
subtype-challenge,balanced-real,11,1,DoS,734,0.0,0.0,0.0
subtype-challenge,balanced-real,11,2,Probe,2310,0.888654576128216,0.9121212121212121,0.9002349925229651
subtype-challenge,balanced-real,11,3,R2L,715,0.16216216216216217,0.05034965034965035,0.0768409818569904
subtype-challenge,balanced-real,11,4,U2R,7,0.006289308176100629,0.5714285714285714,0.012441679626749611
subtype-challenge,balanced-real,22,0,Normal,13446,0.9246132616747766,0.9468243343745352,0.9355869924673893
subtype-challenge,balanced-real,22,1,DoS,734,0.0,0.0,0.0
subtype-challenge,balanced-real,22,2,Probe,2310,0.9033521985198084,0.8982683982683982,0.9008031256783156
subtype-challenge,balanced-real,22,3,R2L,715,0.37577639751552794,0.16923076923076924,0.23336547733847637
subtype-challenge,balanced-real,22,4,U2R,7,0.006015037593984963,0.5714285714285714,0.011904761904761904
subtype-challenge,balanced-real,33,0,Normal,13446,0.9154022330375036,0.95121225643314,0.932963746443942
subtype-challenge,balanced-real,33,1,DoS,734,0.0,0.0,0.0
subtype-challenge,balanced-real,33,2,Probe,2310,0.8869982547993019,0.8800865800865801,0.883528900478053
subtype-challenge,balanced-real,33,3,R2L,715,0.1390728476821192,0.02937062937062937,0.04849884526558892
subtype-challenge,balanced-real,33,4,U2R,7,0.006172839506172839,0.5714285714285714,0.012213740458015267
subtype-challenge,balanced-ros-025,11,0,Normal,13446,0.9218840579710145,0.9461549903316971,0.9338618512809219
subtype-challenge,balanced-ros-025,11,1,DoS,734,0.0,0.0,0.0
subtype-challenge,balanced-ros-025,11,2,Probe,2310,0.8817340067340067,0.9069264069264069,0.8941527955612463
subtype-challenge,balanced-ros-025,11,3,R2L,715,0.33175355450236965,0.0979020979020979,0.1511879049676026
subtype-challenge,balanced-ros-025,11,4,U2R,7,0.006042296072507553,0.5714285714285714,0.01195814648729447
subtype-challenge,balanced-ros-025,22,0,Normal,13446,0.9185350731742484,0.9475680499776885,0.9328257129260168
subtype-challenge,balanced-ros-025,22,1,DoS,734,0.0,0.0,0.0
subtype-challenge,balanced-ros-025,22,2,Probe,2310,0.8993055555555556,0.896969696969697,0.8981361074989164
subtype-challenge,balanced-ros-025,22,3,R2L,715,0.2,0.06013986013986014,0.09247311827956989
subtype-challenge,balanced-ros-025,22,4,U2R,7,0.0060882800608828,0.5714285714285714,0.012048192771084338
subtype-challenge,balanced-ros-025,33,0,Normal,13446,0.9183074389632706,0.953889632604492,0.9357604056469558
subtype-challenge,balanced-ros-025,33,1,DoS,734,0.0,0.0,0.0
subtype-challenge,balanced-ros-025,33,2,Probe,2310,0.8970271434726411,0.9012987012987013,0.8991578492766141
subtype-challenge,balanced-ros-025,33,3,R2L,715,0.17197452229299362,0.03776223776223776,0.06192660550458716
subtype-challenge,balanced-ros-025,33,4,U2R,7,0.00641025641025641,0.5714285714285714,0.012678288431061807
subtype-challenge,balanced-ctgan-025,11,0,Normal,13446,0.9067011419952596,0.9388665774207943,0.922503562424641
subtype-challenge,balanced-ctgan-025,11,1,DoS,734,0.0,0.0,0.0
subtype-challenge,balanced-ctgan-025,11,2,Probe,2310,0.8539526574363555,0.8277056277056277,0.8406243130358321
subtype-challenge,balanced-ctgan-025,11,3,R2L,715,0.07112970711297072,0.023776223776223775,0.03563941299790356
subtype-challenge,balanced-ctgan-025,11,4,U2R,7,0.005952380952380952,0.5714285714285714,0.011782032400589101
subtype-challenge,balanced-ctgan-025,22,0,Normal,13446,0.9025293908086925,0.9420645545143537,0.9218732942760453
subtype-challenge,balanced-ctgan-025,22,1,DoS,734,0.0,0.0,0.0
subtype-challenge,balanced-ctgan-025,22,2,Probe,2310,0.867737364194615,0.7952380952380952,0.829907386491981
subtype-challenge,balanced-ctgan-025,22,3,R2L,715,0.16176470588235295,0.06153846153846154,0.08915906788247213
subtype-challenge,balanced-ctgan-025,22,4,U2R,7,0.005952380952380952,0.5714285714285714,0.011782032400589101
subtype-challenge,balanced-ctgan-025,33,0,Normal,13446,0.8934823876819237,0.9451137884872824,0.9185731323864252
subtype-challenge,balanced-ctgan-025,33,1,DoS,734,0.0,0.0,0.0
subtype-challenge,balanced-ctgan-025,33,2,Probe,2310,0.8506787330316742,0.7324675324675325,0.7871598046057222
subtype-challenge,balanced-ctgan-025,33,3,R2L,715,0.14871794871794872,0.04055944055944056,0.06373626373626373
subtype-challenge,balanced-ctgan-025,33,4,U2R,7,0.0062402496099844,0.5714285714285714,0.012345679012345678
subtype-challenge,balanced-ros-100,11,0,Normal,13446,0.9312495414190329,0.9439238435222371,0.9375438596491228
subtype-challenge,balanced-ros-100,11,1,DoS,734,0.0,0.0,0.0
subtype-challenge,balanced-ros-100,11,2,Probe,2310,0.8810988109881098,0.9303030303030303,0.9050326384502
subtype-challenge,balanced-ros-100,11,3,R2L,715,0.509090909090909,0.23496503496503496,0.3215311004784689
subtype-challenge,balanced-ros-100,11,4,U2R,7,0.006191950464396285,0.5714285714285714,0.01225114854517611
subtype-challenge,balanced-ros-100,22,0,Normal,13446,0.9195518612215395,0.9461549903316971,0.9326637586598732
subtype-challenge,balanced-ros-100,22,1,DoS,734,0.0,0.0,0.0
subtype-challenge,balanced-ros-100,22,2,Probe,2310,0.9057093425605537,0.9064935064935065,0.9061012548680225
subtype-challenge,balanced-ros-100,22,3,R2L,715,0.16371681415929204,0.05174825174825175,0.07863974495217853
subtype-challenge,balanced-ros-100,22,4,U2R,7,0.006220839813374806,0.5714285714285714,0.012307692307692308
subtype-challenge,balanced-ros-100,33,0,Normal,13446,0.9186547858580052,0.9507660270712479,0.9344346173525327
subtype-challenge,balanced-ros-100,33,1,DoS,734,0.0,0.0,0.0
subtype-challenge,balanced-ros-100,33,2,Probe,2310,0.8949849978568367,0.9038961038961039,0.8994184794314021
subtype-challenge,balanced-ros-100,33,3,R2L,715,0.11688311688311688,0.025174825174825177,0.04142692750287687
subtype-challenge,balanced-ros-100,33,4,U2R,7,0.006015037593984963,0.5714285714285714,0.011904761904761904
subtype-challenge,balanced-ctgan-100,11,0,Normal,13446,0.9100167309231105,0.9303882195448461,0.9200897289743684
subtype-challenge,balanced-ctgan-100,11,1,DoS,734,0.0,0.0,0.0
subtype-challenge,balanced-ctgan-100,11,2,Probe,2310,0.875438596491228,0.8640692640692641,0.8697167755991285
subtype-challenge,balanced-ctgan-100,11,3,R2L,715,0.05585106382978723,0.02937062937062937,0.0384967919340055
subtype-challenge,balanced-ctgan-100,11,4,U2R,7,0.004322766570605188,0.42857142857142855,0.008559201141226819
subtype-challenge,balanced-ctgan-100,22,0,Normal,13446,0.8897654434035359,0.939461549903317,0.9139384292587636
subtype-challenge,balanced-ctgan-100,22,1,DoS,734,0.0,0.0,0.0
subtype-challenge,balanced-ctgan-100,22,2,Probe,2310,0.7725321888412017,0.3116883116883117,0.44417026526835285
subtype-challenge,balanced-ctgan-100,22,3,R2L,715,0.004792332268370607,0.008391608391608392,0.006100660904931368
subtype-challenge,balanced-ctgan-100,22,4,U2R,7,0.005788712011577424,0.5714285714285714,0.011461318051575931
subtype-challenge,balanced-ctgan-100,33,0,Normal,13446,0.9013375521357687,0.9321731369924141,0.91649605147704
subtype-challenge,balanced-ctgan-100,33,1,DoS,734,0.0,0.0,0.0
subtype-challenge,balanced-ctgan-100,33,2,Probe,2310,0.677801724137931,0.2722943722943723,0.3885114268066708
subtype-challenge,balanced-ctgan-100,33,3,R2L,715,0.0074850299401197605,0.013986013986013986,0.009751340809361287
subtype-challenge,balanced-ctgan-100,33,4,U2R,7,0.004449388209121246,0.5714285714285714,0.008830022075055188
mixed-validation,balanced-real,11,0,Normal,13446,0.9720397249809014,0.9463037334523279,0.9589990955682846
mixed-validation,balanced-real,11,1,DoS,9102,0.985879188613695,0.9664908811250275,0.9760887656033287
mixed-validation,balanced-real,11,2,Probe,2305,0.8744519728975687,0.9518438177874187,0.9115081013710012
mixed-validation,balanced-real,11,3,R2L,199,0.12077294685990338,0.12562814070351758,0.12315270935960591
mixed-validation,balanced-real,11,4,U2R,10,0.021021021021021023,0.7,0.04081632653061224
mixed-validation,balanced-real,22,0,Normal,13446,0.9720546690081698,0.9468243343745352,0.9592736314659233
mixed-validation,balanced-real,22,1,DoS,9102,0.9857830516064032,0.967479674796748,0.976545605766565
mixed-validation,balanced-real,22,2,Probe,2305,0.8940886699507389,0.9449023861171366,0.9187935034802784
mixed-validation,balanced-real,22,3,R2L,199,0.14049586776859505,0.1708542713567839,0.15419501133786848
mixed-validation,balanced-real,22,4,U2R,10,0.01977401129943503,0.7,0.038461538461538464
mixed-validation,balanced-real,33,0,Normal,13446,0.9700417140690178,0.95121225643314,0.9605347151815553
mixed-validation,balanced-real,33,1,DoS,9102,0.9886312471859523,0.9649527576356844,0.9766485043923051
mixed-validation,balanced-real,33,2,Probe,2305,0.8744466800804829,0.9427331887201735,0.9073068893528183
mixed-validation,balanced-real,33,3,R2L,199,0.1377245508982036,0.11557788944723618,0.12568306010928962
mixed-validation,balanced-real,33,4,U2R,10,0.020527859237536656,0.7,0.039886039886039885
mixed-validation,balanced-ros-025,11,0,Normal,13446,0.9724812719767619,0.9461549903316971,0.9591375150784077
mixed-validation,balanced-ros-025,11,1,DoS,9102,0.9855397376975675,0.965941551307405,0.975642234922044
mixed-validation,balanced-ros-025,11,2,Probe,2305,0.8659549228944247,0.9501084598698482,0.9060819197352089
mixed-validation,balanced-ros-025,11,3,R2L,199,0.17222222222222222,0.15577889447236182,0.16358839050131926
mixed-validation,balanced-ros-025,11,4,U2R,10,0.02,0.7,0.03888888888888889
mixed-validation,balanced-ros-025,22,0,Normal,13446,0.9711128048780487,0.9475680499776885,0.9591959647669954
mixed-validation,balanced-ros-025,22,1,DoS,9102,0.9852315954352204,0.967479674796748,0.9762749445676275
mixed-validation,balanced-ros-025,22,2,Probe,2305,0.8896608091540662,0.944468546637744,0.9162457912457912
mixed-validation,balanced-ros-025,22,3,R2L,199,0.10900473933649289,0.11557788944723618,0.11219512195121951
mixed-validation,balanced-ros-025,22,4,U2R,10,0.02023121387283237,0.7,0.03932584269662921
mixed-validation,balanced-ros-025,33,0,Normal,13446,0.9702700658143582,0.953889632604492,0.962010125632852
mixed-validation,balanced-ros-025,33,1,DoS,9102,0.989075346322784,0.96484289167216,0.9768088537901117
mixed-validation,balanced-ros-025,33,2,Probe,2305,0.8823767178658044,0.9470715835140998,0.9135802469135802
mixed-validation,balanced-ros-025,33,3,R2L,199,0.13872832369942195,0.12060301507537688,0.12903225806451613
mixed-validation,balanced-ros-025,33,4,U2R,10,0.022082018927444796,0.7,0.04281345565749235
mixed-validation,balanced-ctgan-025,11,0,Normal,13446,0.9682466635987115,0.9388665774207943,0.953330312641595
mixed-validation,balanced-ctgan-025,11,1,DoS,9102,0.9860611510791367,0.963744232036915,0.9747749749972219
mixed-validation,balanced-ctgan-025,11,2,Probe,2305,0.8412825651302606,0.9106290672451193,0.8745833333333334
mixed-validation,balanced-ctgan-025,11,3,R2L,199,0.09210526315789473,0.10552763819095477,0.09836065573770492
mixed-validation,balanced-ctgan-025,11,4,U2R,10,0.01728395061728395,0.7,0.033734939759036145
mixed-validation,balanced-ctgan-025,22,0,Normal,13446,0.9669465648854961,0.9420645545143537,0.9543434039026595
mixed-validation,balanced-ctgan-025,22,1,DoS,9102,0.9888513513513514,0.9647330257086355,0.9766433099766433
mixed-validation,balanced-ctgan-025,22,2,Probe,2305,0.8640816326530613,0.9184381778741866,0.8904311251314406
mixed-validation,balanced-ctgan-025,22,3,R2L,199,0.09022556390977443,0.12060301507537688,0.1032258064516129
mixed-validation,balanced-ctgan-025,22,4,U2R,10,0.01912568306010929,0.7,0.03723404255319149
mixed-validation,balanced-ctgan-025,33,0,Normal,13446,0.9647005237986791,0.9451137884872824,0.9548067170066494
mixed-validation,balanced-ctgan-025,33,1,DoS,9102,0.9873873873873874,0.963304768182817,0.9751974196418641
mixed-validation,balanced-ctgan-025,33,2,Probe,2305,0.849048968029138,0.9101952277657267,0.8785594639865997
mixed-validation,balanced-ctgan-025,33,3,R2L,199,0.13333333333333333,0.1407035175879397,0.13691931540342298
mixed-validation,balanced-ctgan-025,33,4,U2R,10,0.021341463414634148,0.7,0.04142011834319527
mixed-validation,balanced-ros-100,11,0,Normal,13446,0.9748079877112135,0.9439238435222371,0.9591173581198519
mixed-validation,balanced-ros-100,11,1,DoS,9102,0.9851918330715728,0.96484289167216,0.974911190053286
mixed-validation,balanced-ros-100,11,2,Probe,2305,0.8605375925204519,0.958351409978308,0.9068144499178982
mixed-validation,balanced-ros-100,11,3,R2L,199,0.22767857142857142,0.2562814070351759,0.24113475177304963
mixed-validation,balanced-ros-100,11,4,U2R,10,0.020771513353115726,0.7,0.040345821325648415
mixed-validation,balanced-ros-100,22,0,Normal,13446,0.971886936592819,0.9461549903316971,0.9588483569490504
mixed-validation,balanced-ros-100,22,1,DoS,9102,0.981751418715923,0.9693473961766644,0.9755099784399359
mixed-validation,balanced-ros-100,22,2,Probe,2305,0.8979843685726039,0.9470715835140998,0.921875
mixed-validation,balanced-ros-100,22,3,R2L,199,0.1013215859030837,0.11557788944723618,0.107981220657277
mixed-validation,balanced-ros-100,22,4,U2R,10,0.021406727828746176,0.7,0.04154302670623145
mixed-validation,balanced-ros-100,33,0,Normal,13446,0.9704699005541638,0.9507660270712479,0.960516924001653
mixed-validation,balanced-ros-100,33,1,DoS,9102,0.988952767444482,0.9638540980004394,0.9762421409892617
mixed-validation,balanced-ros-100,33,2,Probe,2305,0.8811921063229964,0.9492407809110629,0.9139515455304928
mixed-validation,balanced-ros-100,33,3,R2L,199,0.12777777777777777,0.11557788944723618,0.12137203166226913
mixed-validation,balanced-ros-100,33,4,U2R,10,0.01971830985915493,0.7,0.038356164383561646
mixed-validation,balanced-ctgan-100,11,0,Normal,13446,0.9699178167157699,0.9303882195448461,0.9497418767081689
mixed-validation,balanced-ctgan-100,11,1,DoS,9102,0.9881716796214938,0.963744232036915,0.9758051059569498
mixed-validation,balanced-ctgan-100,11,2,Probe,2305,0.8582422033211826,0.9193058568329718,0.8877251780477587
mixed-validation,balanced-ctgan-100,11,3,R2L,199,0.05378973105134474,0.11055276381909548,0.07236842105263158
mixed-validation,balanced-ctgan-100,11,4,U2R,10,0.017114914425427872,0.7,0.03341288782816229
mixed-validation,balanced-ctgan-100,22,0,Normal,13446,0.9648640391078521,0.939461549903317,0.9519933680006029
mixed-validation,balanced-ctgan-100,22,1,DoS,9102,0.9847772554286993,0.9666007470885519,0.9756043468618318
mixed-validation,balanced-ctgan-100,22,2,Probe,2305,0.872791519434629,0.7501084598698482,0.8068128791413905
mixed-validation,balanced-ctgan-100,22,3,R2L,199,0.033444816053511704,0.10050251256281408,0.050188205771643665
mixed-validation,balanced-ctgan-100,22,4,U2R,10,0.015317286652078774,0.7,0.029978586723768737
mixed-validation,balanced-ctgan-100,33,0,Normal,13446,0.966682091624248,0.9321731369924141,0.9491140390731486
mixed-validation,balanced-ctgan-100,33,1,DoS,9102,0.9874887285843101,0.9625357064381455,0.9748525648158451
mixed-validation,balanced-ctgan-100,33,2,Probe,2305,0.827060505002382,0.7531453362255965,0.7883742052679382
mixed-validation,balanced-ctgan-100,33,3,R2L,199,0.037698412698412696,0.09547738693467336,0.05405405405405406
mixed-validation,balanced-ctgan-100,33,4,U2R,10,0.011272141706924315,0.7,0.022187004754358162
