split,arm,macro_f1_mean,macro_f1_std,accuracy_mean,accuracy_std,balanced_accuracy_mean,balanced_accuracy_std,normal_false_positive_rate_mean,normal_false_positive_rate_std,binary_attack_recall_mean,binary_attack_recall_std
subtype-challenge,balanced-real,0.3921046597359854,0.021469216719433592,0.8647067937098148,0.002489685106996661,0.4998702185315304,0.015719253132554806,0.051886558579999006,0.002696246871911476,0.7061426801203753,0.019179795688839586
subtype-challenge,balanced-ros-025,0.3890777985754581,0.008342102701685046,0.865481447052444,0.002312554318007295,0.4975264925465729,0.006137088799183579,0.05079577569537409,0.004118734343596725,0.7035758541334749,0.008935252514708591
subtype-challenge,balanced-ctgan-025,0.363005732110054,0.007133009256718541,0.8432488961189868,0.004078119463266431,0.4681077343995684,0.008868904230660751,0.05798502652585651,0.003123900644542703,0.6298459904407859,0.029294279138178825
subtype-challenge,balanced-ros-100,0.3995503989401539,0.031226546124798978,0.866914555736308,0.0047358110727428945,0.5071807551861099,0.025185701678629154,0.053051713024939266,0.0034893922970723177,0.7183572313683838,0.028549917836075002
subtype-challenge,balanced-ctgan-100,0.30240813415336537,0.05650134289678689,0.7953559532109381,0.042621718883806635,0.39155011184462324,0.051199832786307894,0.06599236451980763,0.004806804497244828,0.6305540803682068,0.04377388722466705
mixed-validation,balanced-real,0.6045262331911343,0.0042677480806795195,0.9480355385311096,0.0005922763301203043,0.7396535554633153,0.005728614771910089,0.051886558579999006,0.002696246871911476,0.9676595500459136,0.0014413875522123806
mixed-validation,balanced-ros-025,0.6047214369608456,0.00401164949307585,0.9485542521214056,0.0017214576849268039,0.7386323453137905,0.004445675868046271,0.05079577569537409,0.004118734343596725,0.9675160697887971,0.0014258790460061042
mixed-validation,balanced-ctgan-025,0.592237662591078,0.005213249365369492,0.940707046524619,0.0018497050493175614,0.7282615726726734,0.0041302211410333385,0.05798502652585651,0.003123900644542703,0.9623507805325987,0.0022188932991532304
mixed-validation,balanced-ros-100,0.6092346640339644,0.013197915004874983,0.9479690367887639,0.0006783177719256184,0.7453993471405044,0.016697953555649746,0.053051713024939266,0.0034893922970723177,0.9688647842056932,0.002667806942694326
mixed-validation,balanced-ctgan-100,0.5681475149372168,0.013811555006361421,0.9266751788896869,0.007558519110662314,0.7015997272166126,0.020134730384852622,0.06599236451980763,0.004806804497244828,0.9632690541781451,0.00312457704059143
