label,epoch,steps,generator_loss,discriminator_loss
2,1,19,0.8570983033431204,1.2052592478300397
2,2,19,1.0269536030919928,0.9833635750569796
2,3,19,1.0503939829374616,0.9288810899383143
2,4,19,1.0334072207149707,1.0424618689637435
2,5,19,0.9351540709796705,1.150712998289811
2,6,19,0.8301606146912826,1.306068401587637
2,7,19,0.7254748093454462,1.382926715047736
2,8,19,0.6941698758225692,1.4041314187802767
2,9,19,0.7324146377412897,1.309642703909623
2,10,19,0.8223115268506502,1.2205830059553449
2,11,19,0.7702533602714539,1.2577697226875706
2,12,19,0.7474620812817624,1.3197125070973446
2,13,19,0.654536131181215,1.4473304560309963
2,14,19,0.6206991107840287,1.4568885125611957
2,15,19,0.6165498902923182,1.471041296657763
2,16,19,0.6836236934912833,1.365344618496142
2,17,19,0.7530448248511866,1.2056658330716585
2,18,19,0.7570204577947918,1.2185625779001337
2,19,19,0.9032339579180667,1.198277987931904
2,20,19,0.9554724410960549,1.1573835234892995
2,21,19,1.0151046451769377,1.0109552270487736
2,22,19,0.9644953765367207,0.9967583229667262
2,23,19,0.9881044281156439,1.013766818924954
2,24,19,0.8125638428487276,1.207856667669196
2,25,19,0.6475934511736819,1.4909677066301044
2,26,19,0.5979501385437814,1.5412752000909102
2,27,19,0.717305412417964,1.3224866013777883
2,28,19,0.7793109542445132,1.1832517887416638
2,29,19,0.8076084318913912,1.1804592734888981
2,30,19,0.7394748016407615,1.276932716369629
2,31,19,0.7833277175301,1.2678911121268022
2,32,19,0.7502949426048681,1.2688761510347064
2,33,19,0.7183592758680645,1.3051548568825972
2,34,19,0.8064676240870827,1.1979737658249705
2,35,19,0.7288857384731895,1.2767730135666697
2,36,19,0.6693524843768069,1.4641044767279374
2,37,19,0.7008549069103441,1.3756089210510254
2,38,19,0.8128365905661332,1.2745518621645475
2,39,19,0.8422561538846869,1.229194490533126
2,40,19,0.7919205082090277,1.3313926834809153
2,41,19,0.7709603341002214,1.3340529015189724
2,42,19,0.8627376619138216,1.2253425497757762
2,43,19,0.8195877702612626,1.1743719138597186
2,44,19,0.9396309225182784,1.1229201241543418
2,45,19,0.8575333200002971,1.151313348820335
2,46,19,0.8202146574070579,1.3012927833356356
2,47,19,0.8301612044635572,1.3025662961759066
2,48,19,0.9004677345878199,1.2302394979878475
2,49,19,0.9058288586767096,1.1726916338268079
2,50,19,0.833622860281091,1.2179112936321057
3,1,25,0.9061019945144654,1.1233947706222533
3,2,25,1.2254036569595337,0.7876013493537903
3,3,25,1.0983884263038635,0.819008424282074
3,4,25,0.9260655212402343,1.110459086894989
3,5,25,0.7741128420829773,1.2894261741638184
3,6,25,0.7484388494491577,1.356227946281433
3,7,25,0.7028076195716858,1.3486598587036134
3,8,25,0.6863244819641113,1.3893353462219238
3,9,25,0.7419774222373963,1.3339432334899903
3,10,25,0.8237817358970642,1.3194178867340087
3,11,25,0.8303720474243164,1.2214341735839844
3,12,25,0.6781028485298157,1.4622214031219483
3,13,25,0.7668158626556396,1.3585539627075196
3,14,25,0.8261489486694336,1.204784994125366
3,15,25,0.7573896431922913,1.3255668926239013
3,16,25,0.7481471729278565,1.3275904846191406
3,17,25,0.6817428350448609,1.4079277420043945
3,18,25,0.6880325961112976,1.354810161590576
3,19,25,0.7466377520561218,1.2579513216018676
3,20,25,0.7174046468734742,1.2915567827224732
3,21,25,0.7766908574104309,1.2697075986862183
3,22,25,0.7445845293998719,1.3381063413619996
3,23,25,0.7191660594940186,1.3344796133041381
3,24,25,0.7555336380004882,1.2829006958007811
3,25,25,0.7953477048873902,1.2623124742507934
3,26,25,0.772258973121643,1.272541971206665
3,27,25,0.7371793293952942,1.3827233982086182
3,28,25,0.8282948350906372,1.2766338872909546
3,29,25,0.8259087061882019,1.224499716758728
3,30,25,0.8680898976325989,1.1219548559188843
3,31,25,0.8024294948577881,1.2605801630020141
3,32,25,0.7513407802581787,1.4003387451171876
3,33,25,0.7352292799949646,1.3530886316299437
3,34,25,0.7353169274330139,1.3319350671768189
3,35,25,0.8360508370399475,1.246416883468628
3,36,25,0.8078666090965271,1.2530023384094238
3,37,25,0.8059124732017517,1.2864899730682373
3,38,25,0.7650371932983399,1.294436550140381
3,39,25,0.7679373002052308,1.3197601413726807
3,40,25,0.7746751499176026,1.3154600524902345
3,41,25,0.7764677405357361,1.332691969871521
3,42,25,0.769199481010437,1.3303394556045531
3,43,25,0.7069175624847412,1.362772078514099
3,44,25,0.7295867609977722,1.273482732772827
3,45,25,0.767750027179718,1.2649711513519286
3,46,25,0.8183613514900208,1.348666911125183
3,47,25,0.8236617827415467,1.342729024887085
3,48,25,0.7489150166511536,1.367487063407898
3,49,25,0.7452976417541504,1.3545379400253297
3,50,25,0.7522933030128479,1.3460021305084229
4,1,21,0.8082190354665121,1.2513022479556857
4,2,21,1.0665106234096347,0.9660857944261461
4,3,21,1.0117005904515584,0.9465327575093224
4,4,21,0.790957856745947,1.1149480569930303
4,5,21,0.7488161467370533,1.288845561799549
4,6,21,0.7857949847266787,1.3076915173303514
4,7,21,0.7603960661661058,1.383403630483718
4,8,21,0.7219226672535851,1.3999522640591575
4,9,21,0.724114023503803,1.3560354596092588
4,10,21,0.714653023651668,1.347460428873698
4,11,21,0.7167878690220061,1.3965598288036527
4,12,21,0.6548158810252235,1.4442052159990584
4,13,21,0.6882678951535907,1.454492722238813
4,14,21,0.7112769938650585,1.3939911410922097
4,15,21,0.6993647189367385,1.3641036975951422
4,16,21,0.6544310677619207,1.3560891662325179
4,17,21,0.6144529950051081,1.3609848703656877
4,18,21,0.6057056444031852,1.3860013428188505
4,19,21,0.6424424250920614,1.3580314658937
4,20,21,0.6273212149029687,1.4400380509240287
4,21,21,0.6551692741257804,1.4548466886792863
4,22,21,0.6995737864857628,1.4339202983038766
4,23,21,0.6846420850072589,1.4150655610220773
4,24,21,0.6872750804537818,1.3851550476891654
4,25,21,0.717760599794842,1.3697466452916462
4,26,21,0.6887161220823016,1.3410814262571789
4,27,21,0.6989999896004087,1.3480964274633498
4,28,21,0.7166812703722999,1.3895418360119773
4,29,21,0.6905587939989,1.4181067432676042
4,30,21,0.7001116701534816,1.4202925591241746
4,31,21,0.7203681128365653,1.3335467463447934
4,32,21,0.7229049603144327,1.3101393665586198
4,33,21,0.6362469423384893,1.380298762094407
4,34,21,0.6371629238128662,1.3915547132492065
4,35,21,0.7079160923049563,1.336105363709586
4,36,21,0.7085627828325544,1.3626625254040672
4,37,21,0.6812581902458554,1.4010623069036574
4,38,21,0.7065391341845194,1.4272111029852004
4,39,21,0.7074680498668126,1.3899345511481875
4,40,21,0.7042443014326549,1.4246782348269509
4,41,21,0.6975711953072321,1.3706622748147874
4,42,21,0.7116171263513111,1.3722112746465773
4,43,21,0.6749470177150908,1.3980918952396937
4,44,21,0.6609218432789757,1.3982592934653872
4,45,21,0.663197276138124,1.4406423852557229
4,46,21,0.6877770168440682,1.395967994417463
4,47,21,0.7038173930985587,1.4050148782275973
4,48,21,0.685046306678227,1.415573761576698
4,49,21,0.6629792054494222,1.3737292687098186
4,50,21,0.6662522696313404,1.3921038877396357
