Epoch,Generator Loss,Discriminator Loss
0,0.5713263154029846,-0.6195353865623474
1,0.3701383173465729,-1.544920802116394
2,-0.05736827850341797,-1.6873079538345337
3,-0.5486708283424377,-0.5368973016738892
4,-0.9024192094802856,-0.1415175199508667
5,-1.0948960781097412,0.054390668869018555
6,-1.0862399339675903,0.3968120813369751
7,-0.6487771272659302,0.11908775568008423
8,-0.40855059027671814,0.165604829788208
9,0.3213319480419159,-0.09348684549331665
10,0.3077295124530792,0.09160088002681732
11,0.3669869899749756,0.23402269184589386
12,0.1245293840765953,0.09918494522571564
13,-0.20438402891159058,0.45244091749191284
14,-0.3397518992424011,0.07910698652267456
15,-0.8319079875946045,0.10394150018692017
16,-0.8567279577255249,-0.07897824048995972
17,-1.045577883720398,0.10858869552612305
18,-0.490780770778656,0.06952989101409912
19,-0.757032036781311,0.29850125312805176
20,-0.4721108078956604,-0.23104679584503174
21,-1.0018441677093506,0.17895954847335815
22,-0.8378056287765503,-0.2650159001350403
23,-1.1679099798202515,0.41002631187438965
24,-0.7960655093193054,0.043724000453948975
25,-0.540110170841217,0.00023818016052246094
26,-0.6719759702682495,0.07683825492858887
27,-0.6446055769920349,0.10344856977462769
28,-0.8363082408905029,-0.028207719326019287
29,-1.0859507322311401,-0.14681029319763184
30,-1.1614749431610107,-0.42494916915893555
31,-1.394142746925354,-0.2091280221939087
32,-1.2445629835128784,-0.17093873023986816
33,-1.2035982608795166,-0.23517119884490967
34,-1.4737088680267334,-0.05971682071685791
35,-1.3447860479354858,-0.12829315662384033
36,-1.203911542892456,-0.03750932216644287
37,-1.1678818464279175,-0.3145599365234375
38,-1.0652300119400024,-0.12249553203582764
39,-0.855495035648346,-0.20049017667770386
40,-1.0096789598464966,0.1448298692703247
41,-0.9269646406173706,-0.35795319080352783
42,-1.0880292654037476,0.07457518577575684
43,-0.9677643179893494,-0.2591296434402466
44,-0.9666202664375305,-0.24154239892959595
45,-1.0166245698928833,-0.2361835241317749
46,-1.2523937225341797,-0.17887568473815918
47,-1.2160627841949463,-0.5432212352752686
48,-0.9938477277755737,-0.5581021904945374
49,-1.06637704372406,-0.30511581897735596
50,-0.7522701621055603,-0.30570971965789795
51,-1.0541179180145264,-0.20311450958251953
52,-0.7357509732246399,-0.5244987607002258
53,-0.7986899614334106,-0.22890514135360718
54,-0.6827989816665649,-0.48821043968200684
55,-0.28755247592926025,-0.3032374978065491
56,-0.6075518131256104,-0.37358856201171875
57,-0.3102523982524872,-1.099441647529602
58,-0.4368472695350647,-0.5212572813034058
59,-0.4639488458633423,-0.526792585849762
60,0.04250536859035492,-0.6804280281066895
61,0.07259685546159744,-1.255324363708496
62,0.30200687050819397,-0.6927379965782166
63,0.14521338045597076,-0.746317982673645
64,0.13593614101409912,-0.5707755088806152
65,0.2812691330909729,-0.49630114436149597
66,0.011180364526808262,-0.4557429552078247
67,0.26940616965293884,-0.6192893981933594
68,0.009083900600671768,-0.16582269966602325
69,0.3014908730983734,-0.6393654346466064
70,-0.06700611114501953,-0.18399256467819214
71,-0.4070516526699066,-0.40905022621154785
72,-0.2199672907590866,-0.2245594561100006
73,-0.4227716624736786,-0.3024495244026184
74,0.0647420734167099,-0.8902778625488281
75,-0.31848323345184326,-0.25637611746788025
76,-0.7067940831184387,-0.6878873109817505
77,-1.0898268222808838,-0.5529487133026123
78,-0.30852559208869934,-0.6841554045677185
79,-0.4384109675884247,-0.586233377456665
80,-0.7321995496749878,-0.09165418148040771
81,-1.0110093355178833,-0.43952828645706177
82,-1.0561076402664185,-0.1214609146118164
83,-0.6219741106033325,-0.03666800260543823
84,-0.49992749094963074,-0.49519580602645874
85,-0.38800913095474243,0.33339279890060425
86,-0.7452359199523926,-0.2277510166168213
87,-1.0857782363891602,0.08677041530609131
88,-0.9105095863342285,0.20591723918914795
89,-1.4463874101638794,-0.0759429931640625
90,-1.0309315919876099,0.32799315452575684
91,-1.0436052083969116,-0.506771445274353
92,-1.0802099704742432,0.04662215709686279
93,-1.2044141292572021,-0.0472714900970459
94,-1.0371086597442627,-0.3234478831291199
95,-0.8583744168281555,0.07290875911712646
96,-0.892786979675293,-0.09174883365631104
97,-0.5522789359092712,-0.36759746074676514
98,-1.115097165107727,-0.0175817608833313
99,-1.0071625709533691,-0.6208136081695557
