true_label,predicted_label,count,row_fraction
0,0,9230,0.9504685408299867
0,1,293,0.030171969931006074
0,2,178,0.018329729173102667
0,3,10,0.0010297600659046442
0,4,0,0.0
1,0,1333,0.17868632707774798
1,1,6058,0.8120643431635389
1,2,69,0.009249329758713136
1,3,0,0.0
1,4,0,0.0
2,0,695,0.28707145807517553
2,1,194,0.08013217678645188
2,2,1532,0.6327963651383726
2,3,0,0.0
2,4,0,0.0
3,0,2577,0.9364098837209303
3,1,2,0.0007267441860465116
3,2,166,0.06031976744186047
3,3,7,0.002543604651162791
3,4,0,0.0
4,0,124,0.62
4,1,1,0.005
4,2,74,0.37
4,3,1,0.005
4,4,0,0.0
