stage,client_id,label,real_count,synthetic_count,duplicate_count
train,0,0,26892,0,0
train,0,1,18203,0,0
train,0,2,4610,0,0
train,0,3,398,0,0
train,0,4,21,0,0
train,1,0,26892,0,0
train,1,1,18203,0,0
train,1,2,4610,0,0
train,1,3,398,0,0
train,1,4,20,0,0
validation,0,0,6723,0,0
validation,0,1,4551,0,0
validation,0,2,1153,0,0
validation,0,3,100,0,0
validation,0,4,5,0,0
validation,1,0,6723,0,0
validation,1,1,4551,0,0
validation,1,2,1152,0,0
validation,1,3,99,0,0
validation,1,4,5,0,0
GAN,0,0,26892,0,0
oversampling,0,0,26892,0,0
GAN,0,1,18203,0,0
oversampling,0,1,18203,0,0
GAN,0,2,4610,13593,0
oversampling,0,2,4610,0,13593
GAN,0,3,398,17805,0
oversampling,0,3,398,0,17805
GAN,0,4,21,18182,0
oversampling,0,4,21,0,18182
GAN,1,0,26892,0,0
oversampling,1,0,26892,0,0
GAN,1,1,18203,0,0
oversampling,1,1,18203,0,0
GAN,1,2,4610,13593,0
oversampling,1,2,4610,0,13593
GAN,1,3,398,17805,0
oversampling,1,3,398,0,17805
GAN,1,4,20,18183,0
oversampling,1,4,20,0,18183
