arm,seed,macro_f1,balanced_accuracy,accuracy,normal_false_positive_rate,binary_attack_recall,dnn_seconds,status
centralized,11,0.46347399794624106,0.4804852569160004,0.7507540809084458,0.07270106065286788,0.677705914439336,21.650549290999997,completed
centralized,22,0.47013192840395923,0.4918312905349545,0.7542139815471965,0.058799299763155184,0.6694459596353152,21.17205766699999,completed
centralized,33,0.46373480368856973,0.4711651068950033,0.7367814052519518,0.0656986922047163,0.6123275929244916,21.133897999999988,completed
fedavg-real,11,0.46577163829449014,0.4800960968405243,0.7447657913413769,0.054268355473174754,0.6380425465596509,21.511337625000003,completed
fedavg-real,22,0.4679937442549023,0.47957457075661225,0.7464070262597587,0.049531459170013385,0.631496921997974,21.861290749999995,completed
fedavg-real,33,0.46047309620915344,0.47676844261799545,0.740374378992193,0.07084749253423953,0.6480168316060158,21.557163207999963,completed
fedavg-ros,11,0.48966937005699956,0.5080363800177865,0.7434794180269695,0.08660282154258057,0.6879918958933998,21.931129958,completed
fedavg-ros,22,0.49579175306883966,0.5123083573228941,0.7427696948190206,0.08032128514056225,0.6830826774721421,21.77553475000002,completed
fedavg-ros,33,0.50804553680052,0.5088530881545723,0.7417051100070973,0.07990938111420039,0.6657835268448531,23.012676874999954,completed
fedavg-gan,11,0.4581576612578405,0.468052965033156,0.7335876508161817,0.07146534857378231,0.63687368503078,22.227474375,completed
fedavg-gan,22,0.4643743502698811,0.4765204040949788,0.7409953867991483,0.06703738029039234,0.6407698901270162,21.697331416999987,completed
fedavg-gan,33,0.47615649386244324,0.48596012853706794,0.7414833215046132,0.06796416434970652,0.6321982389152965,22.621759542000007,completed
