family,feature,real_count,synthetic_count,real_raw_mean,synthetic_raw_mean,scaled_wasserstein,training_constant
2,duration,6910,6910,1.9329956584659913,6.971924746743849,0.00021462209950427036,False
2,land,6910,6910,0.0,0.0,0.0,True
2,hot,6910,6910,0.001447178002894356,0.07380607814761216,0.0009472437826957023,False
2,logged_in,6910,6910,0.009117221418234444,0.12619392185238784,0.11707670043415341,False
2,count,6910,6910,91.8959479015919,82.59840810419682,0.02405883934127784,False
2,srv_count,6910,6910,14.249059334298119,14.139797395079595,0.003815622146843829,False
2,serror_rate,6910,6910,0.05142547033285094,0.04057742402315485,0.011296671475843163,False
2,srv_serror_rate,6910,6910,0.04206512301013025,0.04122286541244573,0.0035774238472306387,False
2,rerror_rate,6910,6910,0.26706078147612156,0.2914023154848046,0.024341534700260826,False
2,srv_rerror_rate,6910,6910,0.27624167872648336,0.2787062228654124,0.007370476627671218,False
2,same_srv_rate,6910,6910,0.6641780028943559,0.7025991316931984,0.04263820432789635,False
2,diff_srv_rate,6910,6910,0.28024602026049206,0.2566599131693198,0.029545585208406663,False
2,srv_diff_host_rate,6910,6910,0.40250940665701884,0.34715774240231545,0.05644572814913024,False
2,dst_host_count,6910,6910,115.4946454413893,109.44688856729378,0.04113050951513256,False
2,dst_host_srv_count,6910,6910,55.78929088277858,38.92445730824891,0.06739536497139476,False
2,dst_host_same_srv_rate,6910,6910,0.5148465991316932,0.5621577424023154,0.050969608522434054,False
2,dst_host_diff_srv_rate,6910,6910,0.35632561505065125,0.3286671490593343,0.0356179441911655,False
2,dst_host_same_src_port_rate,6910,6910,0.6260072358900145,0.5567510853835022,0.0692561466063544,False
2,dst_host_srv_diff_host_rate,6910,6910,0.2416931982633864,0.20019536903039073,0.041740954863837484,False
2,dst_host_serror_rate,6910,6910,0.0530289435600579,0.045327062228654125,0.00876121546900609,False
2,dst_host_srv_serror_rate,6910,6910,0.04163386396526773,0.05237192474674385,0.01225759760596606,False
2,dst_host_rerror_rate,6910,6910,0.2814674384949349,0.3044717800289435,0.025574529682071783,False
2,dst_host_srv_rerror_rate,6910,6910,0.2746092619392185,0.27398408104196814,0.01001736502932701,False
3,duration,81,81,31.185185185185187,5.950617283950617,0.000626671838975278,False
3,land,81,81,0.0,0.0,0.0,True
3,hot,81,81,0.9382716049382716,0.1111111111111111,0.010742343996685973,False
3,logged_in,81,81,0.1728395061728395,0.08641975308641975,0.08641975308641969,False
3,count,81,81,1.4074074074074074,105.80246913580247,0.20584185182312387,False
3,srv_count,81,81,9.839506172839506,9.666666666666666,0.016525331654666374,False
3,serror_rate,81,81,0.07827160493827161,0.04308641975308642,0.05024691402084302,False
3,srv_serror_rate,81,81,0.07938271604938271,0.06851851851851852,0.02814814853079528,False
3,rerror_rate,81,81,0.4567901234567901,0.331358024691358,0.12913580130739707,False
3,srv_rerror_rate,81,81,0.4651851851851852,0.2760493827160494,0.19209876438073906,False
3,same_srv_rate,81,81,1.0,1.0,0.0,True
3,diff_srv_rate,81,81,0.0,0.0,0.0,True
3,srv_diff_host_rate,81,81,0.04506172839506173,0.24444444444444446,0.19938271706578903,False
3,dst_host_count,81,81,44.48148148148148,128.01234567901236,0.33163883476115674,False
3,dst_host_srv_count,81,81,26.666666666666668,41.641975308641975,0.09648995607355493,False
3,dst_host_same_srv_rate,81,81,0.9175308641975308,0.4851851851851852,0.4323456763163393,False
3,dst_host_diff_srv_rate,81,81,0.026419753086419754,0.3651851851851851,0.33876543308113827,False
3,dst_host_same_src_port_rate,81,81,0.3988888888888889,0.555679012345679,0.16592592663235137,False
3,dst_host_srv_diff_host_rate,81,81,0.018518518518518517,0.11222222222222222,0.09370370402380272,False
3,dst_host_serror_rate,81,81,0.11000000000000003,0.07814814814814815,0.05654320971649368,False
3,dst_host_srv_serror_rate,81,81,0.10753086419753087,0.07543209876543211,0.07753086389030939,False
3,dst_host_rerror_rate,81,81,0.4420987654320987,0.40716049382716046,0.05296296311289439,False
3,dst_host_srv_rerror_rate,81,81,0.44012345679012344,0.31913580246913575,0.1516049446791042,False
4,duration,34,34,96.61764705882354,3.0588235294117645,0.0023098662843361074,False
4,land,34,34,0.0,0.0,0.0,True
4,hot,34,34,1.4705882352941178,0.08823529411764706,0.017952635309056324,False
4,logged_in,34,34,0.9117647058823529,0.29411764705882354,0.6176470588235294,False
4,count,34,34,8.117647058823529,33.14705882352941,0.051283525850843,False
4,srv_count,34,34,1.2647058823529411,10.617647058823529,0.018533440635484805,False
4,serror_rate,34,34,0.05823529411764706,0.05941176470588235,0.008235296015353765,False
4,srv_serror_rate,34,34,0.0,0.0,0.0,True
4,rerror_rate,34,34,0.015,0.16205882352941176,0.14705882495378747,False
4,srv_rerror_rate,34,34,0.029411764705882353,0.18294117647058825,0.153529411620077,False
4,same_srv_rate,34,34,0.9270588235294117,0.8341176470588235,0.09294117318795009,False
4,diff_srv_rate,34,34,0.033529411764705884,0.11735294117647059,0.08382353033213055,False
4,srv_diff_host_rate,34,34,0.0,0.0,0.0,True
4,dst_host_count,34,34,41.85294117647059,85.0,0.17058824295835456,False
4,dst_host_srv_count,34,34,13.5,47.61764705882353,0.13656286331003203,False
4,dst_host_same_srv_rate,34,34,0.8264705882352941,0.633529411764706,0.1947058783844113,False
4,dst_host_diff_srv_rate,34,34,0.004705882352941177,0.15941176470588234,0.15470587999066887,False
4,dst_host_same_src_port_rate,34,34,0.5682352941176471,0.5873529411764705,0.06911764803397305,False
4,dst_host_srv_diff_host_rate,34,34,0.049411764705882356,0.06852941176470588,0.04794117698774619,False
4,dst_host_serror_rate,34,34,0.0,0.0,0.0,True
4,dst_host_srv_serror_rate,34,34,0.007352941176470588,0.033529411764705884,0.026176469948361904,False
4,dst_host_rerror_rate,34,34,0.057352941176470586,0.2232352941176471,0.16588235290392356,False
4,dst_host_srv_rerror_rate,34,34,0.022941176470588236,0.15117647058823525,0.12823529453838575,False
