round,client_id,loss,steps,real_count,pool_count,label_schedule_sha256
1,0,0.7404924035072327,405,48259,51786,3703458eed692574fb720586004f2d318711bc7f1c468443542ce629edeb7aa4
1,1,0.780327320098877,405,48222,51720,8a616c6d0506abf4ea0fb6174ed689ac0e843916409c160143652ff420404336
2,0,0.4180246889591217,405,48259,51786,e4ea9a66fdb814489a847acf9aa412ed05654c5e6c429c271c64ca736453df22
2,1,0.4635204076766968,405,48222,51720,ec2a88681e454b76da76f7e5bc1bf2134d1471438a1649cd8cdb1b3374a0fca7
3,0,0.35317566990852356,405,48259,51786,4682916bdb6ce096e53d7774333a68ebce7d1d9e930b17158f9aca20d5e31d58
3,1,0.3849959373474121,405,48222,51720,7ec396cbb2d766cbc293217ed7b79d4b8214d7f5b72222bd5529bf073667f5ae
4,0,0.31292349100112915,405,48259,51786,bf59ae9cffef4f6b97fb16ab53d9a0511afb6d3b0347b3aa9cae46ec8eecb5e9
4,1,0.3418433666229248,405,48222,51720,4244cef772876c6ce3293c4bf2f994e59099c1e11734dbee24177148e9dafc06
5,0,0.284513384103775,405,48259,51786,a98450ea754bddd6b124c9a0375176aa74aff05e56941d201dcece91dbe106e1
5,1,0.30926772952079773,405,48222,51720,6dffcb36277c46c479f8176d67c600711e967cf70b680a6f2ee67515ea080f5b
