true_label,predicted_label,count,row_fraction
0,0,9005,0.9272989393471321
0,1,500,0.05148800329523221
0,2,197,0.02028627329832149
0,3,9,0.0009267840593141798
0,4,0,0.0
1,0,954,0.12788203753351207
1,1,6437,0.8628686327077748
1,2,69,0.009249329758713136
1,3,0,0.0
1,4,0,0.0
2,0,773,0.31928954977282115
2,1,170,0.07021891780256093
2,2,1477,0.6100784799669559
2,3,1,0.0004130524576621231
2,4,0,0.0
3,0,2271,0.825218023255814
3,1,160,0.05813953488372093
3,2,315,0.11446220930232558
3,3,6,0.002180232558139535
3,4,0,0.0
4,0,138,0.69
4,1,1,0.005
4,2,60,0.3
4,3,1,0.005
4,4,0,0.0
